run_id,family,condition,seed,period,group,discussion_id,group_members,agent,turn,extracted_target,contribution,group_contributions,round,utterance,Human_Speech_Act,Human_Reference,Human_Agreement,Human_Directionality,Human_Appeal_Justification,Human_Notes,LLM_Speech_Act,LLM_Reference,LLM_Agreement,LLM_Directionality,LLM_Appeal_Justification,LLM_Notes
GPT_s43_FULL,GPT,FULL,43,Early (1â5),0,GPT_s43_FULL_R01_G0,"1, 2, 3, 7",2,0,,2.0,"Agent 2=2, Agent 1=3, Agent 7=3, Agent 3=3",1,I believe we should all contribute a portion to the group fund this round to foster cooperation and build trust among us. A small contribution from everyone can set a positive precedent for future rounds and benefit us collectively.,Proposal,,,,Appeal,,,,,,,
GPT_s43_FULL,GPT,FULL,43,Early (1â5),0,GPT_s43_FULL_R01_G0,"1, 2, 3, 7",1,1,,3.0,"Agent 2=2, Agent 1=3, Agent 7=3, Agent 3=3",1,"I agree with Agent 2 that contributing a portion to the group fund this round can help foster cooperation and build trust among us. Since we are starting fresh, a small contribution from everyone can set a positive tone for future interactions and benefit our collective well-being.",,,Yes,,,,,,,,,
GPT_s43_FULL,GPT,FULL,43,Early (1â5),0,GPT_s43_FULL_R01_G0,"1, 2, 3, 7",7,2,,3.0,"Agent 2=2, Agent 1=3, Agent 7=3, Agent 3=3",1,"I believe we should all contribute a small portion to the group fund this round to follow the positive tone set by Agents 1 and 2. Their emphasis on fostering cooperation and building trust resonates with me, and I think starting with a collective effort will benefit us in the long run.",,,Yes,,,,,,,,,
GPT_s43_FULL,GPT,FULL,43,Early (1â5),0,GPT_s43_FULL_R01_G0,"1, 2, 3, 7",3,3,,3.0,"Agent 2=2, Agent 1=3, Agent 7=3, Agent 3=3",1,"I agree with Agents 1, 2, and 7 that contributing a small portion to the group fund this round is a positive step towards fostering cooperation and building trust among us. Their emphasis on collective effort aligns with my belief that starting with contributions can benefit us in the long run.",,,Yes,,,,,,,,,
GPT_s43_FULL,GPT,FULL,43,Early (1â5),0,GPT_s43_FULL_R02_G0,"0, 3, 5, 10",0,0,4.0,4.0,"Agent 0=4, Agent 5=8, Agent 3=4, Agent 10=4",2,"I believe we should aim for a higher contribution this round, ideally around 4, as the average from last round was 3.75. Given that others are expected to contribute around 4, aligning with that expectation could help us maintain group cohesion and increase our overall payoff.",Proposal,Yes,,Maintain,,,,,,,,
GPT_s43_FULL,GPT,FULL,43,Early (1â5),0,GPT_s43_FULL_R02_G0,"0, 3, 5, 10",5,1,7.0,8.0,"Agent 0=4, Agent 5=8, Agent 3=4, Agent 10=4",2,"I think we should aim for a contribution closer to 7 or 8 this round, as I expect others to contribute around that level based on my previous observations and the group's expectations. Agent 0's suggestion of 4 seems too low given our last round's average, and aligning with higher contributions can help maintain our group cohesion and improve overall payoffs.",Counterproposal,,,Increase,,,,,,,,
GPT_s43_FULL,GPT,FULL,43,Early (1â5),0,GPT_s43_FULL_R02_G0,"0, 3, 5, 10",3,2,4.0,4.0,"Agent 0=4, Agent 5=8, Agent 3=4, Agent 10=4",2,"I think we should aim for a contribution around 4 this round, as Agent 0 suggested, since it aligns with our last round's average and the expected contributions of others. While Agent 5's suggestion of 7 or 8 is ambitious, it might be too high for our group's typical behavior. Contributing around 4 could help maintain group cohesion and ensure we all benefit.",,,Yes,,,,,,,,,
GPT_s43_FULL,GPT,FULL,43,Early (1â5),0,GPT_s43_FULL_R02_G0,"0, 3, 5, 10",10,3,4.0,4.0,"Agent 0=4, Agent 5=8, Agent 3=4, Agent 10=4",2,"I agree with Agent 0 and Agent 3 that we should aim for a contribution around 4 this round, as it aligns with last round's average and the expectations of others. While I appreciate Agent 5's ambition, a contribution of 7 or 8 may not be realistic for our group's typical behavior and could risk our cohesion.",,,Yes,,,,,,,,,
GPT_s43_FULL,GPT,FULL,43,Early (1â5),0,GPT_s43_FULL_R03_G0,"0, 3, 6, 10",3,0,4.0,4.0,"Agent 3=4, Agent 6=4, Agent 0=4, Agent 10=4",3,"This round, I believe we should aim for a contribution of around 4, as it aligns with our recent average and expectations. Given that contributions have varied significantly, maintaining a higher contribution could help stabilize our group fund and ensure better payoffs for everyone.",,Yes,,Maintain,,,,,,,,
GPT_s43_FULL,GPT,FULL,43,Early (1â5),0,GPT_s43_FULL_R03_G0,"0, 3, 6, 10",6,1,4.0,4.0,"Agent 3=4, Agent 6=4, Agent 0=4, Agent 10=4",3,"I agree with Agent 3 that aiming for a contribution around 4 is a good approach this round. It aligns with our past averages and expectations, and contributing at this level can help stabilize our group fund. Given that others expect me to contribute around 4, it would also help maintain positive group dynamics.",,,Yes,,,,,,,,,
GPT_s43_FULL,GPT,FULL,43,Early (1â5),0,GPT_s43_FULL_R03_G0,"0, 3, 6, 10",0,2,4.0,4.0,"Agent 3=4, Agent 6=4, Agent 0=4, Agent 10=4",3,"I think we should aim for a contribution of around 4 this round, as both Agent 3 and Agent 6 suggest. This aligns with our recent averages and could help stabilize our group fund, which is beneficial for everyone involved.",,,Yes,,,,,,,,,
GPT_s43_FULL,GPT,FULL,43,Early (1â5),0,GPT_s43_FULL_R03_G0,"0, 3, 6, 10",10,3,4.0,4.0,"Agent 3=4, Agent 6=4, Agent 0=4, Agent 10=4",3,"I agree with Agents 3, 6, and 0 that aiming for a contribution around 4 is a reasonable approach this round. It aligns with our recent averages and reflects the expectations we have for each other, which could help maintain positive group dynamics and stabilize the fund.",,,Yes,,,,,,,,,
GPT_s43_FULL,GPT,FULL,43,Early (1â5),0,GPT_s43_FULL_R04_G0,"3, 6, 7, 10",7,0,7.0,7.0,"Agent 7=7, Agent 3=4, Agent 6=4, Agent 10=4",4,"I believe we should aim for a contribution around 7 this round, as our previous average was 7.25, and it seems others are also contributing higher amounts. If we all cooperate at this level, we can ensure a good payoff for everyone.",Proposal,Yes,,Maintain,,,,,,,,
GPT_s43_FULL,GPT,FULL,43,Early (1â5),0,GPT_s43_FULL_R04_G0,"3, 6, 7, 10",3,1,4.0,4.0,"Agent 7=7, Agent 3=4, Agent 6=4, Agent 10=4",4,"I think we should consider contributing around 4 this round, as that's been the average in the previous rounds and aligns with what I've contributed. Agent 7's suggestion of 7 seems optimistic given our past contributions, and I believe a more moderate approach will ensure that we all benefit without risking lower payoffs.",Counterproposal,Yes,,Decrease,,,,,,,,
GPT_s43_FULL,GPT,FULL,43,Early (1â5),0,GPT_s43_FULL_R04_G0,"3, 6, 7, 10",6,2,4.0,4.0,"Agent 7=7, Agent 3=4, Agent 6=4, Agent 10=4",4,"I think we should aim for a contribution around 4 this round, as Agent 3 suggested. This aligns with our previous averages and ensures a steady payoff for everyone without overcommitting, especially since Agent 7's suggestion of 7 seems too high given our past contributions.",,,Yes,,,,,,,,,
GPT_s43_FULL,GPT,FULL,43,Early (1â5),0,GPT_s43_FULL_R04_G0,"3, 6, 7, 10",10,3,4.0,4.0,"Agent 7=7, Agent 3=4, Agent 6=4, Agent 10=4",4,"I believe we should contribute around 4 this round, as both Agent 3 and Agent 6 have pointed out. This aligns with our previous contributions and helps ensure stability in our payoffs, especially considering Agent 7's suggestion of 7 may be too ambitious given our past behavior.",,,Yes,,,,,,,,,
GPT_s43_FULL,GPT,FULL,43,Early (1â5),0,GPT_s43_FULL_R05_G0,"6, 7, 8, 9",6,0,4.0,4.0,"Agent 6=4, Agent 7=4, Agent 8=4, Agent 9=6",5,"I believe we should aim for a contribution around 4 this round, as that aligns with the group's average in previous rounds and meets the expectations set by others. It's important to maintain a balance between fairness and individual payoffs, especially since we've seen higher contributions lead to better payoffs overall.",Proposal,Yes,,Maintain,,,,,,,,
GPT_s43_FULL,GPT,FULL,43,Early (1â5),0,GPT_s43_FULL_R05_G0,"6, 7, 8, 9",7,1,4.0,4.0,"Agent 6=4, Agent 7=4, Agent 8=4, Agent 9=6",5,"I think we should aim for a contribution around 4 this round, as Agent 6 suggested, which aligns with the group's past averages and expectations. This would balance fairness with individual payoffs, and I believe it would encourage a cooperative atmosphere based on our recent experiences.",,Yes,,Increase,,,,,,,,
GPT_s43_FULL,GPT,FULL,43,Early (1â5),0,GPT_s43_FULL_R05_G0,"6, 7, 8, 9",8,2,4.0,4.0,"Agent 6=4, Agent 7=4, Agent 8=4, Agent 9=6",5,"I agree with Agents 6 and 7 that aiming for a contribution around 4 this round makes sense, as it aligns with the group's past averages and the expectations expressed. This approach balances fairness with individual payoffs, which could encourage continued cooperation in our future interactions.",,,Yes,,,,,,,,,
GPT_s43_FULL,GPT,FULL,43,Early (1â5),0,GPT_s43_FULL_R05_G0,"6, 7, 8, 9",9,3,6.0,6.0,"Agent 6=4, Agent 7=4, Agent 8=4, Agent 9=6",5,"I believe we should aim for a contribution around 6 this round, as it aligns with my expectation of others contributing around 6 to 7, which reflects a balance between fairness and individual payoffs. While Agents 6, 7, and 8 suggest a lower contribution of 4, my past experiences show that higher contributions have led to better payoffs overall, and I think we can maintain cooperation by contributing slightly more.",Counterproposal,,,Increase,,,,,,,,
GPT_s43_FULL,GPT,FULL,43,Middle (6â15),0,GPT_s43_FULL_R06_G0,"1, 4, 5, 8",4,0,5.0,5.0,"Agent 4=5, Agent 5=5, Agent 1=5, Agent 8=5",6,"I believe we should aim for a contribution of around 5 this round, as our recent average has been at that level and it seems to meet the expectations of the group. This way, we can ensure fairness and potentially maximize our overall payoffs.",Proposal,Yes,,Maintain,,,,,,,,
GPT_s43_FULL,GPT,FULL,43,Middle (6â15),0,GPT_s43_FULL_R06_G0,"1, 4, 5, 8",5,1,5.0,5.0,"Agent 4=5, Agent 5=5, Agent 1=5, Agent 8=5",6,"I agree with Agent 4 that aiming for a contribution of around 5 this round aligns with our recent average and meets group expectations. Contributing 5 will promote fairness and help us maximize our overall payoffs, which is important for our group's success.",,,Yes,,,,,,,,,
GPT_s43_FULL,GPT,FULL,43,Middle (6â15),0,GPT_s43_FULL_R06_G0,"1, 4, 5, 8",1,2,5.0,5.0,"Agent 4=5, Agent 5=5, Agent 1=5, Agent 8=5",6,"I believe contributing 5 this round aligns with the group's recent average and the expectations expressed by Agent 4 and Agent 5. This level of contribution promotes fairness and can maximize our overall payoffs, which is beneficial for everyone in the group.",,,Yes,,,,,,,,,
GPT_s43_FULL,GPT,FULL,43,Middle (6â15),0,GPT_s43_FULL_R06_G0,"1, 4, 5, 8",8,3,5.0,5.0,"Agent 4=5, Agent 5=5, Agent 1=5, Agent 8=5",6,"Given the group's recent discussions and the consensus around contributing 5, I think aiming for that amount is reasonable. It aligns with the recent averages and expectations outlined by Agents 4 and 5, promoting both fairness and maximizing our payoffs.",,,Yes,,,,,,,,,
GPT_s43_FULL,GPT,FULL,43,Middle (6â15),0,GPT_s43_FULL_R07_G0,"3, 9, 10, 11",11,0,7.0,8.0,"Agent 11=8, Agent 3=4, Agent 10=5, Agent 9=6",7,"I believe we should aim to contribute around 7 to 8 this round, as I expect others will contribute similarly based on previous rounds. I've consistently contributed 8, and I think maintaining that level will encourage cooperation and fairness within our group.",Proposal,Yes,,Maintain,,,,,,,,
GPT_s43_FULL,GPT,FULL,43,Middle (6â15),0,GPT_s43_FULL_R07_G0,"3, 9, 10, 11",3,1,5.0,4.0,"Agent 11=8, Agent 3=4, Agent 10=5, Agent 9=6",7,"I believe we should aim for a contribution around 5 this round. Agent 11's suggestion of 7 to 8 seems high based on our past contributions, where we've averaged around 4 to 5. I think a contribution of 5 will align with the expectations of others and promote fairness without straying too far from our previous norms.",Counterproposal,Yes,,Decrease,,,,,,,,
GPT_s43_FULL,GPT,FULL,43,Middle (6â15),0,GPT_s43_FULL_R07_G0,"3, 9, 10, 11",10,2,5.0,5.0,"Agent 11=8, Agent 3=4, Agent 10=5, Agent 9=6",7,"I think we should aim for a contribution of around 5 this round, as Agent 3 suggested. While I appreciate Agent 11's intention to encourage higher contributions, our recent averages have been around 4 to 5, and contributing 5 aligns well with both past norms and the expectations of others.",,,Yes,,,,,,,,,
GPT_s43_FULL,GPT,FULL,43,Middle (6â15),0,GPT_s43_FULL_R07_G0,"3, 9, 10, 11",9,3,6.0,6.0,"Agent 11=8, Agent 3=4, Agent 10=5, Agent 9=6",7,"I believe we should aim for a contribution around 6 this round. While Agent 11's suggestion of 7 to 8 is optimistic, our recent averages have been much lower, and I think contributing 6 aligns with the expectations I've observed, balancing cooperation and past behaviors.",Counterproposal,,,Decrease,,,,,,,,
GPT_s43_FULL,GPT,FULL,43,Middle (6â15),0,GPT_s43_FULL_R08_G0,"0, 7, 10, 11",11,0,7.0,8.0,"Agent 11=8, Agent 7=7, Agent 0=6, Agent 10=6",8,"I believe we should aim to contribute around 7 to 8 this round, as that aligns with the expectations I have for myself and what I think others might contribute. Given that the average contributions in past rounds have been around this range, contributing at this level would help maintain a positive group dynamic and fairness.",Proposal,,,,,,,,,,,
GPT_s43_FULL,GPT,FULL,43,Middle (6â15),0,GPT_s43_FULL_R08_G0,"0, 7, 10, 11",7,1,6.0,7.0,"Agent 11=8, Agent 7=7, Agent 0=6, Agent 10=6",8,"I think we should aim for a contribution around 6 to 7 this round. Agent 11's suggestion aligns with my understanding of the group's expectations, and it allows us to stay within a cooperative range while also considering our past contributions and the average. This balance can help maintain fairness and a positive dynamic in our group.",,,Yes,,,,,,,,,
GPT_s43_FULL,GPT,FULL,43,Middle (6â15),0,GPT_s43_FULL_R08_G0,"0, 7, 10, 11",0,2,6.0,6.0,"Agent 11=8, Agent 7=7, Agent 0=6, Agent 10=6",8,"I believe we should aim for a contribution around 6 to 7 this round. This aligns well with the expectations I've observed, especially since both Agent 11 and Agent 7 support a similar range. Contributing within this range would help maintain fairness and a positive group dynamic.",,,Yes,,,,,,,,,
GPT_s43_FULL,GPT,FULL,43,Middle (6â15),0,GPT_s43_FULL_R08_G0,"0, 7, 10, 11",10,3,6.0,6.0,"Agent 11=8, Agent 7=7, Agent 0=6, Agent 10=6",8,"I think we should contribute around 6 to 7 this round, as it aligns with Agent 11's and Agent 7's suggestions, and it reflects the group's expectations based on our past contributions. Aiming for this range will help maintain fairness and strengthen our group dynamic.",,,,,,,,,,,,
GPT_s43_FULL,GPT,FULL,43,Middle (6â15),0,GPT_s43_FULL_R09_G0,"3, 8, 10, 11",3,0,5.0,5.0,"Agent 3=5, Agent 8=5, Agent 10=5, Agent 11=6",9,"I believe we should aim for a contribution around 5 this round. Based on the recent group averages and expectations, it seems reasonable to contribute at this level to maintain cooperation and fairness, especially given that others might also be inclined to contribute similarly.",Proposal,Yes,,,,,,,,,,
GPT_s43_FULL,GPT,FULL,43,Middle (6â15),0,GPT_s43_FULL_R09_G0,"3, 8, 10, 11",8,1,5.0,5.0,"Agent 3=5, Agent 8=5, Agent 10=5, Agent 11=6",9,"I agree with Agent 3 that aiming for a contribution around 5 is a reasonable approach this round. Given the recent group averages and the expectation that others will contribute similarly, it supports cooperation and fairness in our group.",,,Yes,,,,,,,,,
GPT_s43_FULL,GPT,FULL,43,Middle (6â15),0,GPT_s43_FULL_R09_G0,"3, 8, 10, 11",10,2,5.0,5.0,"Agent 3=5, Agent 8=5, Agent 10=5, Agent 11=6",9,"I believe we should follow the suggestions of Agents 3 and 8 and aim for a contribution around 5 this round. This aligns with the recent group averages and expectations, promoting cooperation and fairness in our group.",,,Yes,,,,,,,,,
GPT_s43_FULL,GPT,FULL,43,Middle (6â15),0,GPT_s43_FULL_R09_G0,"3, 8, 10, 11",11,3,5.0,6.0,"Agent 3=5, Agent 8=5, Agent 10=5, Agent 11=6",9,"I appreciate the suggestions from Agents 3, 8, and 10 to aim for a contribution around 5 this round. Given the recent group averages and their reasoning, I think it makes sense to align with this expectation to maintain cooperation and fairness. However, I will also consider my usual contribution of around 8, as it is important to balance individual expectations with group cooperation.",,,Mixed/Qualified,,,,,,,,,
GPT_s43_FULL,GPT,FULL,43,Middle (6â15),0,GPT_s43_FULL_R10_G0,"0, 1, 5, 8",8,0,5.0,5.0,"Agent 8=5, Agent 5=6, Agent 1=5, Agent 0=6",10,"I believe we should all aim to contribute around 5 this round, as this aligns with the expectations of fairness and past contributions. It has been the average in the previous rounds, and maintaining this level can help ensure mutual benefit for everyone involved.",Proposal,Yes,,,,,,,,,,
GPT_s43_FULL,GPT,FULL,43,Middle (6â15),0,GPT_s43_FULL_R10_G0,"0, 1, 5, 8",5,1,6.0,6.0,"Agent 8=5, Agent 5=6, Agent 1=5, Agent 0=6",10,"I think we should aim to contribute around 6 this round, as I believe it aligns with our expectations of fairness and reflects the contributions in the past rounds. Agent 8's suggestion of 5 seems a bit low given that I've been contributing 6, and I think we should maintain our current level to ensure mutual benefit.",Counterproposal,Yes,,Increase,,,,,,,,
GPT_s43_FULL,GPT,FULL,43,Middle (6â15),0,GPT_s43_FULL_R10_G0,"0, 1, 5, 8",1,2,5.0,5.0,"Agent 8=5, Agent 5=6, Agent 1=5, Agent 0=6",10,"I think we should aim to contribute around 5 this round, as Agent 8 suggested, since it aligns with the average contributions in previous rounds and fosters a sense of fairness. However, I also see the merit in Agent 5's perspective on contributing 6, as they have consistently contributed at that level. Balancing between these views, I will contribute 5 to maintain group expectations.",,,Yes,,,,,,,,,
GPT_s43_FULL,GPT,FULL,43,Middle (6â15),0,GPT_s43_FULL_R10_G0,"0, 1, 5, 8",0,3,6.0,6.0,"Agent 8=5, Agent 5=6, Agent 1=5, Agent 0=6",10,"Given the discussions, I believe we should aim to contribute around 6 this round. Agent 5's perspective aligns with my recent contributions and reflects the higher expectations set by our group. Contributing 6 would help maintain fairness and ensure we capitalize on the mutual benefits we've established.",,,Yes,,,,,,,,,
GPT_s43_FULL,GPT,FULL,43,Middle (6â15),0,GPT_s43_FULL_R11_G0,"3, 7, 10, 11",11,0,7.0,7.0,"Agent 11=7, Agent 10=7, Agent 7=7, Agent 3=7",11,"I believe our group should aim for a contribution around 7 this round. Based on my recent observations, others have contributed between 5 to 7, and I think a contribution of 7 would help us meet the group's expectations while also maximizing our collective payoff.",Proposal,Yes,,Increase,,,,,,,,
GPT_s43_FULL,GPT,FULL,43,Middle (6â15),0,GPT_s43_FULL_R11_G0,"3, 7, 10, 11",10,1,7.0,7.0,"Agent 11=7, Agent 10=7, Agent 7=7, Agent 3=7",11,"I agree with Agent 11 that we should aim for a contribution around 7 this round. Given the recent average contributions and the expectation for fairness, I believe contributing 7 aligns with the group's goals while also considering my own payoff.",,,Yes,,,,,,,,,
GPT_s43_FULL,GPT,FULL,43,Middle (6â15),0,GPT_s43_FULL_R11_G0,"3, 7, 10, 11",7,2,7.0,7.0,"Agent 11=7, Agent 10=7, Agent 7=7, Agent 3=7",11,"I agree with both Agent 11 and Agent 10 that contributing around 7 aligns with our group's expectations and fairness norms. It would also help us meet the collective goals we've set, considering the recent average contributions. I believe this contribution will balance group welfare with individual payoffs.",,,Yes,,,,,,,,,
GPT_s43_FULL,GPT,FULL,43,Middle (6â15),0,GPT_s43_FULL_R11_G0,"3, 7, 10, 11",3,3,7.0,7.0,"Agent 11=7, Agent 10=7, Agent 7=7, Agent 3=7",11,"I think we should consider contributing 7 this round, as both Agent 11 and Agent 10 have pointed out that it aligns with our group's expectations and recent average contributions. Contributing 7 would reflect a commitment to fairness and could enhance our collective payoff, which is important for maintaining cooperation.",,,Yes,,,,,,,,,
GPT_s43_FULL,GPT,FULL,43,Middle (6â15),0,GPT_s43_FULL_R12_G0,"1, 5, 7, 8",8,0,5.0,5.0,"Agent 8=5, Agent 7=7, Agent 5=6, Agent 1=5",12,"I believe we should aim for a contribution of around 5 this round, as it aligns with the group's average and meets the expectations we have of each other. Consistency in our contributions can help sustain a fair outcome for everyone.",Proposal,Yes,,,,,,,,,,
GPT_s43_FULL,GPT,FULL,43,Middle (6â15),0,GPT_s43_FULL_R12_G0,"1, 5, 7, 8",7,1,7.0,7.0,"Agent 8=5, Agent 7=7, Agent 5=6, Agent 1=5",12,"I think we should consider contributing around 7 this round, as it has been the consistent average in previous rounds and aligns with what everyone expects from me. While Agent 8 suggests 5, maintaining our previous contributions can reinforce group cooperation and fairness.",Counterproposal,Yes,,Increase,,,,,,,,
GPT_s43_FULL,GPT,FULL,43,Middle (6â15),0,GPT_s43_FULL_R12_G0,"1, 5, 7, 8",5,2,6.0,6.0,"Agent 8=5, Agent 7=7, Agent 5=6, Agent 1=5",12,"I believe we should contribute around 6 this round, as it aligns with our past contributions and meets the injunctive and descriptive norms I perceive in the group. While Agent 8 suggests 5, I think maintaining our previous average of 6 can reinforce cooperation and fairness, as Agent 7 pointed out.",Counterproposal,Yes,,Increase,,,,,,,,
GPT_s43_FULL,GPT,FULL,43,Middle (6â15),0,GPT_s43_FULL_R12_G0,"1, 5, 7, 8",1,3,6.0,5.0,"Agent 8=5, Agent 7=7, Agent 5=6, Agent 1=5",12,"I believe we should aim for a contribution around 6 this round. This aligns with Agent 5's suggestion and the expectations set by our past contributions, promoting cooperation while still respecting the group's average. Contributing 6 can help maintain fairness and meet the expectations that others might have of me.",,,Yes,,,,,,,,,
GPT_s43_FULL,GPT,FULL,43,Middle (6â15),0,GPT_s43_FULL_R13_G0,"0, 6, 9, 11",6,0,7.0,7.0,"Agent 6=7, Agent 11=8, Agent 0=7, Agent 9=7",13,"I believe we should aim for a contribution around 7 this round, as that has been the average in our recent discussions and aligns with the expectations I have observed from others. This would support our group goal while balancing individual payoffs.",Proposal,Yes,,Maintain,,,,,,,,
GPT_s43_FULL,GPT,FULL,43,Middle (6â15),0,GPT_s43_FULL_R13_G0,"0, 6, 9, 11",11,1,7.0,8.0,"Agent 6=7, Agent 11=8, Agent 0=7, Agent 9=7",13,"I agree with Agent 6 that aiming for a contribution around 7 is a good approach this round, as it aligns with our recent averages and the expectations from others. Contributing around 7 would support our group goal while ensuring everyone benefits fairly.",,,Yes,,,,,,,,,
GPT_s43_FULL,GPT,FULL,43,Middle (6â15),0,GPT_s43_FULL_R13_G0,"0, 6, 9, 11",0,2,7.0,7.0,"Agent 6=7, Agent 11=8, Agent 0=7, Agent 9=7",13,"I believe we should contribute around 7 this round, as both Agent 6 and Agent 11 have suggested. This aligns with our recent averages and the expectations I've observed from others, promoting fairness while also benefiting our group goal.",,,Yes,,,,,,,,,
GPT_s43_FULL,GPT,FULL,43,Middle (6â15),0,GPT_s43_FULL_R13_G0,"0, 6, 9, 11",9,3,7.0,7.0,"Agent 6=7, Agent 11=8, Agent 0=7, Agent 9=7",13,"I agree with Agents 6, 11, and 0 that contributing around 7 this round is a good approach, as it aligns with the recent averages and meets the expectations we have established. This contribution would not only support our group goal but also ensure fairness among all members.",,,Yes,,,,,,,,,
GPT_s43_FULL,GPT,FULL,43,Middle (6â15),0,GPT_s43_FULL_R14_G0,"3, 6, 7, 8",3,0,7.0,7.0,"Agent 3=7, Agent 6=7, Agent 7=7, Agent 8=7",14,"I believe we should all contribute 7 again this round, as it has been the average contribution in the previous rounds and aligns with the expectations we have for each other. Maintaining this level of cooperation will help ensure fair payoffs for everyone.",Proposal,Yes,,Maintain,,,,,,,,
GPT_s43_FULL,GPT,FULL,43,Middle (6â15),0,GPT_s43_FULL_R14_G0,"3, 6, 7, 8",6,1,7.0,7.0,"Agent 3=7, Agent 6=7, Agent 7=7, Agent 8=7",14,"I agree with Agent 3 that contributing 7 would be appropriate this round, as it matches the average contributions we've seen in the previous rounds and aligns with the expectations we have established for each other. Maintaining this level of cooperation will benefit everyone involved.",,,Yes,,,,,,,,,
GPT_s43_FULL,GPT,FULL,43,Middle (6â15),0,GPT_s43_FULL_R14_G0,"3, 6, 7, 8",7,2,7.0,7.0,"Agent 3=7, Agent 6=7, Agent 7=7, Agent 8=7",14,"I believe contributing 7 this round would be the best decision, as both Agents 3 and 6 have supported this amount based on our previous contributions and group expectations. Matching this contribution will help maintain fairness and encourage continued cooperation among us.",,,Yes,,,,,,,,,
GPT_s43_FULL,GPT,FULL,43,Middle (6â15),0,GPT_s43_FULL_R14_G0,"3, 6, 7, 8",8,3,7.0,7.0,"Agent 3=7, Agent 6=7, Agent 7=7, Agent 8=7",14,"I think we should all contribute 7 this round, as Agent 3, Agent 6, and Agent 7 have all supported this amount based on our previous contributions and the group expectations. It aligns with the average contributions we've seen and will help maintain fairness and cooperation among us.",,,Yes,,,,,,,,,
GPT_s43_FULL,GPT,FULL,43,Middle (6â15),0,GPT_s43_FULL_R15_G0,"1, 3, 6, 7",1,0,6.0,6.0,"Agent 1=6, Agent 6=7, Agent 7=7, Agent 3=7",15,"I believe our group should aim to contribute around 6 this round, as this aligns with both the injunctive and descriptive norms we've observed recently. Contributing this amount would meet the expectations of fairness while also allowing us to maintain a decent payoff for ourselves.",Proposal,Yes,,Maintain,,,,,,,,
GPT_s43_FULL,GPT,FULL,43,Middle (6â15),0,GPT_s43_FULL_R15_G0,"1, 3, 6, 7",6,1,7.0,7.0,"Agent 1=6, Agent 6=7, Agent 7=7, Agent 3=7",15,"I think we should aim to contribute around 7 this round because it aligns with our recent group average and meets the expectations we've set for each other. Agent 1's suggestion of 6 is lower than what we've consistently contributed, and I believe maintaining our cooperation is important for our long-term success.",Counterproposal,Yes,,Increase,,,,,,,,
GPT_s43_FULL,GPT,FULL,43,Middle (6â15),0,GPT_s43_FULL_R15_G0,"1, 3, 6, 7",7,2,7.0,7.0,"Agent 1=6, Agent 6=7, Agent 7=7, Agent 3=7",15,"I believe we should contribute around 7 this round, as suggested by Agent 6. This amount aligns with our recent contributions and the expectations we've set for each other, reflecting our commitment to cooperation and fairness in the group.",,,Yes,,,,,,,,,
GPT_s43_FULL,GPT,FULL,43,Middle (6â15),0,GPT_s43_FULL_R15_G0,"1, 3, 6, 7",3,3,7.0,7.0,"Agent 1=6, Agent 6=7, Agent 7=7, Agent 3=7",15,"I believe we should aim to contribute around 7 this round, as it aligns with our recent contributions and what Agent 6 and Agent 7 have argued for. Contributing this amount would meet the expectations we've established and support our group's overall cooperation.",,,Yes,,,,,,,,,
GPT_s43_FULL,GPT,FULL,43,Late (16â20),0,GPT_s43_FULL_R16_G0,"1, 4, 9, 10",4,0,6.0,7.0,"Agent 4=7, Agent 9=7, Agent 1=6, Agent 10=7",16,"I believe we should aim for a contribution of around 6 or 7 this round. Given our recent discussions and the fact that the average contributions have been steady at 6.0 and 7.0, it seems reasonable to align with that expectation to ensure fairness and maintain our group norm.",Proposal,Yes,,Maintain,,,,,,,,
GPT_s43_FULL,GPT,FULL,43,Late (16â20),0,GPT_s43_FULL_R16_G0,"1, 4, 9, 10",9,1,6.0,7.0,"Agent 4=7, Agent 9=7, Agent 1=6, Agent 10=7",16,"I agree with Agent 4 that aiming for a contribution of around 6 or 7 this round is reasonable. Given our recent averages and the expectations set by others, contributing 7 aligns with both fairness and our group norm.",,,Yes,,,,,,,,,
GPT_s43_FULL,GPT,FULL,43,Late (16â20),0,GPT_s43_FULL_R16_G0,"1, 4, 9, 10",1,2,7.0,6.0,"Agent 4=7, Agent 9=7, Agent 1=6, Agent 10=7",16,"I believe we should aim for a contribution of 7 this round, as both Agent 4 and Agent 9 have suggested that aligning with the recent averages of 6 and 7 is important for fairness and meeting group expectations. Contributing 7 would not only align with others' expectations but also support our group norm.",,,Yes,,,,,,,,,
GPT_s43_FULL,GPT,FULL,43,Late (16â20),0,GPT_s43_FULL_R16_G0,"1, 4, 9, 10",10,3,7.0,7.0,"Agent 4=7, Agent 9=7, Agent 1=6, Agent 10=7",16,"I agree with Agents 4, 9, and 1 that contributing around 7 seems reasonable this round. This aligns with our recent group averages and expectations, supporting fairness and maintaining our group norm.",,,Yes,,,,,,,,,
GPT_s43_FULL,GPT,FULL,43,Late (16â20),0,GPT_s43_FULL_R17_G0,"3, 4, 6, 11",11,0,8.0,8.0,"Agent 11=8, Agent 4=7, Agent 3=7, Agent 6=7",17,"I believe we should aim to contribute around 8 this round, as it aligns with both the injunctive norm and the expectations I have about each other's contributions. Given that the group average has hovered around 7, contributing slightly above that can help foster a cooperative atmosphere and ensure everyone's gains are maximized.",,,,,,,,,,,,
GPT_s43_FULL,GPT,FULL,43,Late (16â20),0,GPT_s43_FULL_R17_G0,"3, 4, 6, 11",4,1,7.0,7.0,"Agent 11=8, Agent 4=7, Agent 3=7, Agent 6=7",17,"I think we should aim to contribute 7 this round, as it aligns with the recent group average and the expectations others have of me. Agent 11's suggestion of 8 is slightly above the average, but contributing 7 would maintain consistency with our recent contributions and encourage cooperation.",Proposal,,Yes,Maintain,,,,,,,,
GPT_s43_FULL,GPT,FULL,43,Late (16â20),0,GPT_s43_FULL_R17_G0,"3, 4, 6, 11",3,2,7.0,7.0,"Agent 11=8, Agent 4=7, Agent 3=7, Agent 6=7",17,"I think we should aim to contribute 7 this round, as it aligns with our recent group average and the expectations we have of each other. While Agent 11's suggestion of 8 is well-intentioned, maintaining consistency with our past contributions can help reinforce cooperation and ensure everyone feels included.",,,Yes,,,,,,,,,
GPT_s43_FULL,GPT,FULL,43,Late (16â20),0,GPT_s43_FULL_R17_G0,"3, 4, 6, 11",6,3,7.0,7.0,"Agent 11=8, Agent 4=7, Agent 3=7, Agent 6=7",17,"I believe we should aim to contribute around 7 this round, as it aligns with our recent contributions and the expectations set by others, including Agents 4 and 3. While Agent 11's suggestion of 8 is well-intentioned, maintaining consistency with the group's past contributions will likely reinforce cooperation and ensure everyone's payoff is maximized.",,,Yes,,,,,,,,,
GPT_s43_FULL,GPT,FULL,43,Late (16â20),0,GPT_s43_FULL_R18_G0,"3, 5, 7, 11",11,0,7.0,8.0,"Agent 11=8, Agent 5=7, Agent 3=7, Agent 7=7",18,"I believe we should aim to contribute around 7 this round, as this aligns with the average contributions I've observed from previous rounds and seems to be the expectation among us. Contributing around this amount will balance our individual payoffs while still supporting the group's overall wellbeing.",Proposal,Yes,,Maintain,,,,,,,,
GPT_s43_FULL,GPT,FULL,43,Late (16â20),0,GPT_s43_FULL_R18_G0,"3, 5, 7, 11",5,1,7.0,7.0,"Agent 11=8, Agent 5=7, Agent 3=7, Agent 7=7",18,"I agree with Agent 11 that we should aim to contribute around 7 this round. This amount aligns with our recent group average and meets the expectation we've established among ourselves, helping to ensure fairness while also maintaining decent payoffs for everyone.",,,Yes,,,,,,,,,
GPT_s43_FULL,GPT,FULL,43,Late (16â20),0,GPT_s43_FULL_R18_G0,"3, 5, 7, 11",3,2,7.0,7.0,"Agent 11=8, Agent 5=7, Agent 3=7, Agent 7=7",18,"I believe we should continue to contribute around 7 this round, as both Agent 11 and Agent 5 have emphasized the importance of aligning with our established average and expectations. This contribution would not only support fairness within the group but also help maintain reasonable payoffs for each of us.",,,Yes,,,,,,,,,
GPT_s43_FULL,GPT,FULL,43,Late (16â20),0,GPT_s43_FULL_R18_G0,"3, 5, 7, 11",7,3,7.0,7.0,"Agent 11=8, Agent 5=7, Agent 3=7, Agent 7=7",18,"I agree with Agents 11, 5, and 3 that contributing around 7 this round is the right approach. This aligns with our recent group average and maintains the expectations we have established, supporting both fairness and our individual payoffs.",,,Yes,,,,,,,,,
GPT_s43_FULL,GPT,FULL,43,Late (16â20),0,GPT_s43_FULL_R19_G0,"6, 8, 9, 11",8,0,7.0,7.0,"Agent 8=7, Agent 9=7, Agent 11=8, Agent 6=7",19,"I believe we should each contribute around 7 this round, as that has been the consistent average in our recent contributions and aligns with the expectations we have set for each other. Maintaining this amount will help us reinforce cooperation and ensure fair outcomes for everyone.",Proposal,Yes,,Maintain,,,,,,,,
GPT_s43_FULL,GPT,FULL,43,Late (16â20),0,GPT_s43_FULL_R19_G0,"6, 8, 9, 11",9,1,7.0,7.0,"Agent 8=7, Agent 9=7, Agent 11=8, Agent 6=7",19,"I agree with Agent 8 that contributing around 7 is the best approach this round. This aligns with our recent averages and the expectations we've set for each other, promoting cooperation and fairness in our group.",,,Yes,,,,,,,,,
GPT_s43_FULL,GPT,FULL,43,Late (16â20),0,GPT_s43_FULL_R19_G0,"6, 8, 9, 11",11,2,7.0,8.0,"Agent 8=7, Agent 9=7, Agent 11=8, Agent 6=7",19,"I believe we should all contribute around 7 this round, as both Agent 8 and Agent 9 have suggested. This aligns with our recent averages and maintains the cooperative expectations we've established, ensuring fairness for everyone.",,,Yes,,,,,,,,,
GPT_s43_FULL,GPT,FULL,43,Late (16â20),0,GPT_s43_FULL_R19_G0,"6, 8, 9, 11",6,3,7.0,7.0,"Agent 8=7, Agent 9=7, Agent 11=8, Agent 6=7",19,"I agree with Agents 8, 9, and 11 that contributing around 7 is the best approach this round. This consistent contribution aligns with our recent averages and reinforces the cooperative expectations we have set for each other. Maintaining this will ensure fairness and benefit the group as a whole.",,,Yes,,,,,,,,,
GPT_s43_FULL,GPT,FULL,43,Late (16â20),0,GPT_s43_FULL_R20_G0,"1, 5, 7, 9",5,0,7.0,7.0,"Agent 5=7, Agent 7=7, Agent 9=7, Agent 1=7",20,"I believe we should all contribute 7 this round, as it aligns with our past contributions and the expectations we have set for each other. Maintaining this level of contribution fosters fairness and ensures mutual benefit, which I think is important for our group dynamics.",Proposal,Yes,,Maintain,,,,,,,,
GPT_s43_FULL,GPT,FULL,43,Late (16â20),0,GPT_s43_FULL_R20_G0,"1, 5, 7, 9",7,1,7.0,7.0,"Agent 5=7, Agent 7=7, Agent 9=7, Agent 1=7",20,"I agree with Agent 5 that contributing 7 this round is important to maintain our established norms and promote fairness within the group. Our past contributions have been consistent at this level, and it aligns with both the expectations of others and my own tendency towards cooperation.",,,Yes,,,,,,,,,
GPT_s43_FULL,GPT,FULL,43,Late (16â20),0,GPT_s43_FULL_R20_G0,"1, 5, 7, 9",9,2,7.0,7.0,"Agent 5=7, Agent 7=7, Agent 9=7, Agent 1=7",20,"I believe we should all contribute 7 this round, as both Agent 5 and Agent 7 have emphasized the importance of maintaining our established norms and fairness within the group. Our recent contributions have been consistent at this level, and it aligns with our expectations of each other.",,,Yes,,,,,,,,,
GPT_s43_FULL,GPT,FULL,43,Late (16â20),0,GPT_s43_FULL_R20_G0,"1, 5, 7, 9",1,3,7.0,7.0,"Agent 5=7, Agent 7=7, Agent 9=7, Agent 1=7",20,"I agree with Agents 5, 7, and 9 that contributing 7 this round is essential to uphold our established norms and promote fairness in our group. Consistency in our contributions reinforces our cooperative behavior and aligns with the expectations we have set for one another.",,,Yes,,,,,,,,,
